Domain Code,Domain,Area Code (M49),Area,Element Code,Element,Item Code (CPC),Item,Year Code,Year,Unit,Value,Flag,Flag Description,Note
"QCL","Crops and livestock products","002","Africa","5412","Yield","01701","Beans, dry","1961","1961","kg/ha","587.4","E","Estimated value",""
"QCL","Crops and livestock products","002","Africa","5412","Yield","01701","Beans, dry","1962","1962","kg/ha","601.4","E","Estimated value",""
"QCL","Crops and livestock products","002","Africa","5412","Yield","01701","Beans, dry","1963","1963","kg/ha","600.3","E","Estimated value",""
"QCL","Crops and livestock products","002","Africa","5412","Yield","01701","Beans, dry","1964","1964","kg/ha","613.2","E","Estimated value",""
"QCL","Crops and livestock products","002","Africa","5412","Yield","01701","Beans, dry","1965","1965","kg/ha","629.8","E","Estimated value",""
"QCL","Crops and livestock products","002","Africa","5412","Yield","01701","Beans, dry","1966","1966","kg/ha","644.8","E","Estimated value",""
"QCL","Crops and livestock products","002","Africa","5412","Yield","01701","Beans, dry","1967","1967","kg/ha","657.8","E","Estimated value",""
"QCL","Crops and livestock products","002","Africa","5412","Yield","01701","Beans, dry","1968","1968","kg/ha","632.2","E","Estimated value",""
"QCL","Crops and livestock products","002","Africa","5412","Yield","01701","Beans, dry","1969","1969","kg/ha","621.7","E","Estimated value",""
"QCL","Crops and livestock products","002","Africa","5412","Yield","01701","Beans, dry","1970","1970","kg/ha","627.8","E","Estimated value",""
"QCL","Crops and livestock products","002","Africa","5412","Yield","01701","Beans, dry","1971","1971","kg/ha","618.3","E","Estimated value",""
"QCL","Crops and livestock products","002","Africa","5412","Yield","01701","Beans, dry","1972","1972","kg/ha","676","E","Estimated value",""
"QCL","Crops and livestock products","002","Africa","5412","Yield","01701","Beans, dry","1973","1973","kg/ha","614.5","E","Estimated value",""
"QCL","Crops and livestock products","002","Africa","5412","Yield","01701","Beans, dry","1974","1974","kg/ha","608.3","E","Estimated value",""
"QCL","Crops and livestock products","002","Africa","5412","Yield","01701","Beans, dry","1975","1975","kg/ha","668.3","E","Estimated value",""
"QCL","Crops and livestock products","002","Africa","5412","Yield","01701","Beans, dry","1976","1976","kg/ha","680.7","E","Estimated value",""
"QCL","Crops and livestock products","002","Africa","5412","Yield","01701","Beans, dry","1977","1977","kg/ha","677.3","E","Estimated value",""
"QCL","Crops and livestock products","002","Africa","5412","Yield","01701","Beans, dry","1978","1978","kg/ha","659.3","E","Estimated value",""
"QCL","Crops and livestock products","002","Africa","5412","Yield","01701","Beans, dry","1979","1979","kg/ha","636.3","E","Estimated value",""
"QCL","Crops and livestock products","002","Africa","5412","Yield","01701","Beans, dry","1980","1980","kg/ha","620.3","E","Estimated value",""
"QCL","Crops and livestock products","002","Africa","5412","Yield","01701","Beans, dry","1981","1981","kg/ha","651.8","E","Estimated value",""
"QCL","Crops and livestock products","002","Africa","5412","Yield","01701","Beans, dry","1982","1982","kg/ha","641.9","E","Estimated value",""
"QCL","Crops and livestock products","002","Africa","5412","Yield","01701","Beans, dry","1983","1983","kg/ha","655.2","E","Estimated value",""
"QCL","Crops and livestock products","002","Africa","5412","Yield","01701","Beans, dry","1984","1984","kg/ha","651.4","E","Estimated value",""
"QCL","Crops and livestock products","002","Africa","5412","Yield","01701","Beans, dry","1985","1985","kg/ha","687.4","E","Estimated value",""
"QCL","Crops and livestock products","002","Africa","5412","Yield","01701","Beans, dry","1986","1986","kg/ha","675.9","E","Estimated value",""
"QCL","Crops and livestock products","002","Africa","5412","Yield","01701","Beans, dry","1987","1987","kg/ha","695.5","E","Estimated value",""
"QCL","Crops and livestock products","002","Africa","5412","Yield","01701","Beans, dry","1988","1988","kg/ha","697.4","E","Estimated value",""
"QCL","Crops and livestock products","002","Africa","5412","Yield","01701","Beans, dry","1989","1989","kg/ha","701","A","Official figure",""
"QCL","Crops and livestock products","002","Africa","5412","Yield","01701","Beans, dry","1990","1990","kg/ha","768.7","E","Estimated value",""
"QCL","Crops and livestock products","002","Africa","5412","Yield","01701","Beans, dry","1991","1991","kg/ha","746.4","E","Estimated value",""
"QCL","Crops and livestock products","002","Africa","5412","Yield","01701","Beans, dry","1992","1992","kg/ha","717.5","E","Estimated value",""
"QCL","Crops and livestock products","002","Africa","5412","Yield","01701","Beans, dry","1993","1993","kg/ha","693.1","E","Estimated value",""
"QCL","Crops and livestock products","002","Africa","5412","Yield","01701","Beans, dry","1994","1994","kg/ha","615.8","E","Estimated value",""
"QCL","Crops and livestock products","002","Africa","5412","Yield","01701","Beans, dry","1995","1995","kg/ha","642.1","E","Estimated value",""
"QCL","Crops and livestock products","002","Africa","5412","Yield","01701","Beans, dry","1996","1996","kg/ha","582.9","E","Estimated value",""
"QCL","Crops and livestock products","002","Africa","5412","Yield","01701","Beans, dry","1997","1997","kg/ha","566.7","E","Estimated value",""
"QCL","Crops and livestock products","002","Africa","5412","Yield","01701","Beans, dry","1998","1998","kg/ha","620.6","E","Estimated value",""
"QCL","Crops and livestock products","002","Africa","5412","Yield","01701","Beans, dry","1999","1999","kg/ha","637.2","A","Official figure",""
"QCL","Crops and livestock products","002","Africa","5412","Yield","01701","Beans, dry","2000","2000","kg/ha","623.9","A","Official figure",""
"QCL","Crops and livestock products","002","Africa","5412","Yield","01701","Beans, dry","2001","2001","kg/ha","641.7","A","Official figure",""
"QCL","Crops and livestock products","002","Africa","5412","Yield","01701","Beans, dry","2002","2002","kg/ha","643.1","A","Official figure",""
"QCL","Crops and livestock products","002","Africa","5412","Yield","01701","Beans, dry","2003","2003","kg/ha","589","A","Official figure",""
"QCL","Crops and livestock products","002","Africa","5412","Yield","01701","Beans, dry","2004","2004","kg/ha","554.5","A","Official figure",""
"QCL","Crops and livestock products","002","Africa","5412","Yield","01701","Beans, dry","2005","2005","kg/ha","570.6","A","Official figure",""
"QCL","Crops and livestock products","002","Africa","5412","Yield","01701","Beans, dry","2006","2006","kg/ha","620.1","A","Official figure",""
"QCL","Crops and livestock products","002","Africa","5412","Yield","01701","Beans, dry","2007","2007","kg/ha","645","A","Official figure",""
"QCL","Crops and livestock products","002","Africa","5412","Yield","01701","Beans, dry","2008","2008","kg/ha","749.1","A","Official figure",""
"QCL","Crops and livestock products","002","Africa","5412","Yield","01701","Beans, dry","2009","2009","kg/ha","779.3","A","Official figure",""
"QCL","Crops and livestock products","002","Africa","5412","Yield","01701","Beans, dry","2010","2010","kg/ha","751.4","A","Official figure",""
"QCL","Crops and livestock products","002","Africa","5412","Yield","01701","Beans, dry","2011","2011","kg/ha","743","A","Official figure",""
"QCL","Crops and livestock products","002","Africa","5412","Yield","01701","Beans, dry","2012","2012","kg/ha","756.8","A","Official figure",""
"QCL","Crops and livestock products","002","Africa","5412","Yield","01701","Beans, dry","2013","2013","kg/ha","773","A","Official figure",""
"QCL","Crops and livestock products","002","Africa","5412","Yield","01701","Beans, dry","2014","2014","kg/ha","842","A","Official figure",""
"QCL","Crops and livestock products","002","Africa","5412","Yield","01701","Beans, dry","2015","2015","kg/ha","878.2","A","Official figure",""
"QCL","Crops and livestock products","002","Africa","5412","Yield","01701","Beans, dry","2016","2016","kg/ha","834.7","E","Estimated value",""
"QCL","Crops and livestock products","002","Africa","5412","Yield","01701","Beans, dry","2017","2017","kg/ha","885.6","E","Estimated value",""
"QCL","Crops and livestock products","002","Africa","5412","Yield","01701","Beans, dry","2018","2018","kg/ha","847.7","A","Official figure",""
"QCL","Crops and livestock products","002","Africa","5412","Yield","01701","Beans, dry","2019","2019","kg/ha","784.1","E","Estimated value",""
"QCL","Crops and livestock products","002","Africa","5412","Yield","01701","Beans, dry","2020","2020","kg/ha","819.8","E","Estimated value",""
"QCL","Crops and livestock products","002","Africa","5412","Yield","01701","Beans, dry","2021","2021","kg/ha","780.9","E","Estimated value",""
"QCL","Crops and livestock products","002","Africa","5412","Yield","01701","Beans, dry","2022","2022","kg/ha","811.4","E","Estimated value",""
"QCL","Crops and livestock products","002","Africa","5412","Yield","01701","Beans, dry","2023","2023","kg/ha","803.7","E","Estimated value",""
"QCL","Crops and livestock products","002","Africa","5412","Yield","01701","Beans, dry","2024","2024","kg/ha","829.5","E","Estimated value",""
"QCL","Crops and livestock products","002","Africa","5412","Yield","01290.01","Green corn (maize)","1961","1961","kg/ha","2524.8","E","Estimated value",""
"QCL","Crops and livestock products","002","Africa","5412","Yield","01290.01","Green corn (maize)","1962","1962","kg/ha","2666.8","E","Estimated value",""
"QCL","Crops and livestock products","002","Africa","5412","Yield","01290.01","Green corn (maize)","1963","1963","kg/ha","2865.1","E","Estimated value",""
"QCL","Crops and livestock products","002","Africa","5412","Yield","01290.01","Green corn (maize)","1964","1964","kg/ha","2485.8","E","Estimated value",""
"QCL","Crops and livestock products","002","Africa","5412","Yield","01290.01","Green corn (maize)","1965","1965","kg/ha","2632.3","E","Estimated value",""
"QCL","Crops and livestock products","002","Africa","5412","Yield","01290.01","Green corn (maize)","1966","1966","kg/ha","2705.3","E","Estimated value",""
"QCL","Crops and livestock products","002","Africa","5412","Yield","01290.01","Green corn (maize)","1967","1967","kg/ha","2629.2","E","Estimated value",""
"QCL","Crops and livestock products","002","Africa","5412","Yield","01290.01","Green corn (maize)","1968","1968","kg/ha","2760","E","Estimated value",""
"QCL","Crops and livestock products","002","Africa","5412","Yield","01290.01","Green corn (maize)","1969","1969","kg/ha","2696.4","E","Estimated value",""
"QCL","Crops and livestock products","002","Africa","5412","Yield","01290.01","Green corn (maize)","1970","1970","kg/ha","2732.5","E","Estimated value",""
"QCL","Crops and livestock products","002","Africa","5412","Yield","01290.01","Green corn (maize)","1971","1971","kg/ha","2913","E","Estimated value",""
"QCL","Crops and livestock products","002","Africa","5412","Yield","01290.01","Green corn (maize)","1972","1972","kg/ha","2523.6","E","Estimated value",""
"QCL","Crops and livestock products","002","Africa","5412","Yield","01290.01","Green corn (maize)","1973","1973","kg/ha","2989.3","E","Estimated value",""
"QCL","Crops and livestock products","002","Africa","5412","Yield","01290.01","Green corn (maize)","1974","1974","kg/ha","3067.2","E","Estimated value",""
"QCL","Crops and livestock products","002","Africa","5412","Yield","01290.01","Green corn (maize)","1975","1975","kg/ha","3401.2","E","Estimated value",""
"QCL","Crops and livestock products","002","Africa","5412","Yield","01290.01","Green corn (maize)","1976","1976","kg/ha","3234.2","E","Estimated value",""
"QCL","Crops and livestock products","002","Africa","5412","Yield","01290.01","Green corn (maize)","1977","1977","kg/ha","3318.3","E","Estimated value",""
"QCL","Crops and livestock products","002","Africa","5412","Yield","01290.01","Green corn (maize)","1978","1978","kg/ha","3125.8","E","Estimated value",""
"QCL","Crops and livestock products","002","Africa","5412","Yield","01290.01","Green corn (maize)","1979","1979","kg/ha","3292.2","E","Estimated value",""
"QCL","Crops and livestock products","002","Africa","5412","Yield","01290.01","Green corn (maize)","1980","1980","kg/ha","3441.8","E","Estimated value",""
"QCL","Crops and livestock products","002","Africa","5412","Yield","01290.01","Green corn (maize)","1981","1981","kg/ha","3432.3","E","Estimated value",""
"QCL","Crops and livestock products","002","Africa","5412","Yield","01290.01","Green corn (maize)","1982","1982","kg/ha","3250.9","E","Estimated value",""
"QCL","Crops and livestock products","002","Africa","5412","Yield","01290.01","Green corn (maize)","1983","1983","kg/ha","3130.8","E","Estimated value",""
"QCL","Crops and livestock products","002","Africa","5412","Yield","01290.01","Green corn (maize)","1984","1984","kg/ha","3222.8","E","Estimated value",""
"QCL","Crops and livestock products","002","Africa","5412","Yield","01290.01","Green corn (maize)","1985","1985","kg/ha","3191.6","E","Estimated value",""
"QCL","Crops and livestock products","002","Africa","5412","Yield","01290.01","Green corn (maize)","1986","1986","kg/ha","3153.7","E","Estimated value",""
"QCL","Crops and livestock products","002","Africa","5412","Yield","01290.01","Green corn (maize)","1987","1987","kg/ha","3578.3","E","Estimated value",""
"QCL","Crops and livestock products","002","Africa","5412","Yield","01290.01","Green corn (maize)","1988","1988","kg/ha","3535.9","E","Estimated value",""
"QCL","Crops and livestock products","002","Africa","5412","Yield","01290.01","Green corn (maize)","1989","1989","kg/ha","3546.2","E","Estimated value",""
"QCL","Crops and livestock products","002","Africa","5412","Yield","01290.01","Green corn (maize)","1990","1990","kg/ha","3622.1","E","Estimated value",""
"QCL","Crops and livestock products","002","Africa","5412","Yield","01290.01","Green corn (maize)","1991","1991","kg/ha","3423.9","E","Estimated value",""
"QCL","Crops and livestock products","002","Africa","5412","Yield","01290.01","Green corn (maize)","1992","1992","kg/ha","3333.7","E","Estimated value",""
"QCL","Crops and livestock products","002","Africa","5412","Yield","01290.01","Green corn (maize)","1993","1993","kg/ha","3617.7","E","Estimated value",""
"QCL","Crops and livestock products","002","Africa","5412","Yield","01290.01","Green corn (maize)","1994","1994","kg/ha","3526.6","E","Estimated value",""
"QCL","Crops and livestock products","002","Africa","5412","Yield","01290.01","Green corn (maize)","1995","1995","kg/ha","3546.8","E","Estimated value",""
"QCL","Crops and livestock products","002","Africa","5412","Yield","01290.01","Green corn (maize)","1996","1996","kg/ha","3576.2","E","Estimated value",""
"QCL","Crops and livestock products","002","Africa","5412","Yield","01290.01","Green corn (maize)","1997","1997","kg/ha","3608.6","E","Estimated value",""
"QCL","Crops and livestock products","002","Africa","5412","Yield","01290.01","Green corn (maize)","1998","1998","kg/ha","3650.4","E","Estimated value",""
"QCL","Crops and livestock products","002","Africa","5412","Yield","01290.01","Green corn (maize)","1999","1999","kg/ha","3648.6","E","Estimated value",""
"QCL","Crops and livestock products","002","Africa","5412","Yield","01290.01","Green corn (maize)","2000","2000","kg/ha","3638.4","E","Estimated value",""
"QCL","Crops and livestock products","002","Africa","5412","Yield","01290.01","Green corn (maize)","2001","2001","kg/ha","3656.6","E","Estimated value",""
"QCL","Crops and livestock products","002","Africa","5412","Yield","01290.01","Green corn (maize)","2002","2002","kg/ha","3634.6","E","Estimated value",""
"QCL","Crops and livestock products","002","Africa","5412","Yield","01290.01","Green corn (maize)","2003","2003","kg/ha","3629.6","E","Estimated value",""
"QCL","Crops and livestock products","002","Africa","5412","Yield","01290.01","Green corn (maize)","2004","2004","kg/ha","3601.9","E","Estimated value",""
"QCL","Crops and livestock products","002","Africa","5412","Yield","01290.01","Green corn (maize)","2005","2005","kg/ha","3575.7","E","Estimated value",""
"QCL","Crops and livestock products","002","Africa","5412","Yield","01290.01","Green corn (maize)","2006","2006","kg/ha","3614","E","Estimated value",""
"QCL","Crops and livestock products","002","Africa","5412","Yield","01290.01","Green corn (maize)","2007","2007","kg/ha","3595.4","E","Estimated value",""
"QCL","Crops and livestock products","002","Africa","5412","Yield","01290.01","Green corn (maize)","2008","2008","kg/ha","3632.2","E","Estimated value",""
"QCL","Crops and livestock products","002","Africa","5412","Yield","01290.01","Green corn (maize)","2009","2009","kg/ha","3627.2","E","Estimated value",""
"QCL","Crops and livestock products","002","Africa","5412","Yield","01290.01","Green corn (maize)","2010","2010","kg/ha","3573.2","E","Estimated value",""
"QCL","Crops and livestock products","002","Africa","5412","Yield","01290.01","Green corn (maize)","2011","2011","kg/ha","3630.3","E","Estimated value",""
"QCL","Crops and livestock products","002","Africa","5412","Yield","01290.01","Green corn (maize)","2012","2012","kg/ha","3646.1","E","Estimated value",""
"QCL","Crops and livestock products","002","Africa","5412","Yield","01290.01","Green corn (maize)","2013","2013","kg/ha","3666.4","E","Estimated value",""
"QCL","Crops and livestock products","002","Africa","5412","Yield","01290.01","Green corn (maize)","2014","2014","kg/ha","3659.3","E","Estimated value",""
"QCL","Crops and livestock products","002","Africa","5412","Yield","01290.01","Green corn (maize)","2015","2015","kg/ha","3663.1","E","Estimated value",""
"QCL","Crops and livestock products","002","Africa","5412","Yield","01290.01","Green corn (maize)","2016","2016","kg/ha","3643.1","E","Estimated value",""
"QCL","Crops and livestock products","002","Africa","5412","Yield","01290.01","Green corn (maize)","2017","2017","kg/ha","3666.2","E","Estimated value",""
"QCL","Crops and livestock products","002","Africa","5412","Yield","01290.01","Green corn (maize)","2018","2018","kg/ha","3666","E","Estimated value",""
"QCL","Crops and livestock products","002","Africa","5412","Yield","01290.01","Green corn (maize)","2019","2019","kg/ha","3675","E","Estimated value",""
"QCL","Crops and livestock products","002","Africa","5412","Yield","01290.01","Green corn (maize)","2020","2020","kg/ha","3693.1","E","Estimated value",""
"QCL","Crops and livestock products","002","Africa","5412","Yield","01290.01","Green corn (maize)","2021","2021","kg/ha","3700.1","E","Estimated value",""
"QCL","Crops and livestock products","002","Africa","5412","Yield","01290.01","Green corn (maize)","2022","2022","kg/ha","3699.8","E","Estimated value",""
"QCL","Crops and livestock products","002","Africa","5412","Yield","01290.01","Green corn (maize)","2023","2023","kg/ha","3729.9","E","Estimated value",""
"QCL","Crops and livestock products","002","Africa","5412","Yield","01290.01","Green corn (maize)","2024","2024","kg/ha","3719.5","E","Estimated value",""
"QCL","Crops and livestock products","002","Africa","5412","Yield","0112","Maize (corn)","1961","1961","kg/ha","1044.4","E","Estimated value",""
"QCL","Crops and livestock products","002","Africa","5412","Yield","0112","Maize (corn)","1962","1962","kg/ha","1111.2","E","Estimated value",""
"QCL","Crops and livestock products","002","Africa","5412","Yield","0112","Maize (corn)","1963","1963","kg/ha","1109.4","E","Estimated value",""
"QCL","Crops and livestock products","002","Africa","5412","Yield","0112","Maize (corn)","1964","1964","kg/ha","979.6","E","Estimated value",""
"QCL","Crops and livestock products","002","Africa","5412","Yield","0112","Maize (corn)","1965","1965","kg/ha","1027.2","E","Estimated value",""
"QCL","Crops and livestock products","002","Africa","5412","Yield","0112","Maize (corn)","1966","1966","kg/ha","1072.9","E","Estimated value",""
"QCL","Crops and livestock products","002","Africa","5412","Yield","0112","Maize (corn)","1967","1967","kg/ha","1368.5","E","Estimated value",""
"QCL","Crops and livestock products","002","Africa","5412","Yield","0112","Maize (corn)","1968","1968","kg/ha","1075.3","E","Estimated value",""
"QCL","Crops and livestock products","002","Africa","5412","Yield","0112","Maize (corn)","1969","1969","kg/ha","1141.2","E","Estimated value",""
"QCL","Crops and livestock products","002","Africa","5412","Yield","0112","Maize (corn)","1970","1970","kg/ha","1138.2","E","Estimated value",""
"QCL","Crops and livestock products","002","Africa","5412","Yield","0112","Maize (corn)","1971","1971","kg/ha","1347.7","E","Estimated value",""
"QCL","Crops and livestock products","002","Africa","5412","Yield","0112","Maize (corn)","1972","1972","kg/ha","1379.1","E","Estimated value",""
"QCL","Crops and livestock products","002","Africa","5412","Yield","0112","Maize (corn)","1973","1973","kg/ha","1065.4","E","Estimated value",""
"QCL","Crops and livestock products","002","Africa","5412","Yield","0112","Maize (corn)","1974","1974","kg/ha","1460.5","E","Estimated value",""
"QCL","Crops and livestock products","002","Africa","5412","Yield","0112","Maize (corn)","1975","1975","kg/ha","1420.6","E","Estimated value",""
"QCL","Crops and livestock products","002","Africa","5412","Yield","0112","Maize (corn)","1976","1976","kg/ha","1386.1","E","Estimated value",""
"QCL","Crops and livestock products","002","Africa","5412","Yield","0112","Maize (corn)","1977","1977","kg/ha","1509.3","E","Estimated value",""
"QCL","Crops and livestock products","002","Africa","5412","Yield","0112","Maize (corn)","1978","1978","kg/ha","1537.7","E","Estimated value",""
"QCL","Crops and livestock products","002","Africa","5412","Yield","0112","Maize (corn)","1979","1979","kg/ha","1398.5","E","Estimated value",""
"QCL","Crops and livestock products","002","Africa","5412","Yield","0112","Maize (corn)","1980","1980","kg/ha","1557.9","E","Estimated value",""
"QCL","Crops and livestock products","002","Africa","5412","Yield","0112","Maize (corn)","1981","1981","kg/ha","1850.3","E","Estimated value",""
"QCL","Crops and livestock products","002","Africa","5412","Yield","0112","Maize (corn)","1982","1982","kg/ha","1466.9","A","Official figure",""
"QCL","Crops and livestock products","002","Africa","5412","Yield","0112","Maize (corn)","1983","1983","kg/ha","1156.7","A","Official figure",""
"QCL","Crops and livestock products","002","Africa","5412","Yield","0112","Maize (corn)","1984","1984","kg/ha","1202.1","A","Official figure",""
"QCL","Crops and livestock products","002","Africa","5412","Yield","0112","Maize (corn)","1985","1985","kg/ha","1499.1","A","Official figure",""
"QCL","Crops and livestock products","002","Africa","5412","Yield","0112","Maize (corn)","1986","1986","kg/ha","1449.3","A","Official figure",""
"QCL","Crops and livestock products","002","Africa","5412","Yield","0112","Maize (corn)","1987","1987","kg/ha","1341.2","A","Official figure",""
"QCL","Crops and livestock products","002","Africa","5412","Yield","0112","Maize (corn)","1988","1988","kg/ha","1507.1","A","Official figure",""
"QCL","Crops and livestock products","002","Africa","5412","Yield","0112","Maize (corn)","1989","1989","kg/ha","1692.7","A","Official figure",""
"QCL","Crops and livestock products","002","Africa","5412","Yield","0112","Maize (corn)","1990","1990","kg/ha","1513.2","A","Official figure",""
"QCL","Crops and livestock products","002","Africa","5412","Yield","0112","Maize (corn)","1991","1991","kg/ha","1492.7","A","Official figure",""
"QCL","Crops and livestock products","002","Africa","5412","Yield","0112","Maize (corn)","1992","1992","kg/ha","1136","A","Official figure",""
"QCL","Crops and livestock products","002","Africa","5412","Yield","0112","Maize (corn)","1993","1993","kg/ha","1557","A","Official figure",""
"QCL","Crops and livestock products","002","Africa","5412","Yield","0112","Maize (corn)","1994","1994","kg/ha","1602.4","A","Official figure",""
"QCL","Crops and livestock products","002","Africa","5412","Yield","0112","Maize (corn)","1995","1995","kg/ha","1393.4","A","Official figure",""
"QCL","Crops and livestock products","002","Africa","5412","Yield","0112","Maize (corn)","1996","1996","kg/ha","1715.2","A","Official figure",""
"QCL","Crops and livestock products","002","Africa","5412","Yield","0112","Maize (corn)","1997","1997","kg/ha","1620.9","A","Official figure",""
"QCL","Crops and livestock products","002","Africa","5412","Yield","0112","Maize (corn)","1998","1998","kg/ha","1591","A","Official figure",""
"QCL","Crops and livestock products","002","Africa","5412","Yield","0112","Maize (corn)","1999","1999","kg/ha","1745.8","A","Official figure",""
"QCL","Crops and livestock products","002","Africa","5412","Yield","0112","Maize (corn)","2000","2000","kg/ha","1806.2","A","Official figure",""
"QCL","Crops and livestock products","002","Africa","5412","Yield","0112","Maize (corn)","2001","2001","kg/ha","1728.7","A","Official figure",""
"QCL","Crops and livestock products","002","Africa","5412","Yield","0112","Maize (corn)","2002","2002","kg/ha","1757.7","A","Official figure",""
"QCL","Crops and livestock products","002","Africa","5412","Yield","0112","Maize (corn)","2003","2003","kg/ha","1612.7","A","Official figure",""
"QCL","Crops and livestock products","002","Africa","5412","Yield","0112","Maize (corn)","2004","2004","kg/ha","1738.1","A","Official figure",""
"QCL","Crops and livestock products","002","Africa","5412","Yield","0112","Maize (corn)","2005","2005","kg/ha","1701.9","A","Official figure",""
"QCL","Crops and livestock products","002","Africa","5412","Yield","0112","Maize (corn)","2006","2006","kg/ha","1782.3","A","Official figure",""
"QCL","Crops and livestock products","002","Africa","5412","Yield","0112","Maize (corn)","2007","2007","kg/ha","1728.4","A","Official figure",""
"QCL","Crops and livestock products","002","Africa","5412","Yield","0112","Maize (corn)","2008","2008","kg/ha","1874.3","A","Official figure",""
"QCL","Crops and livestock products","002","Africa","5412","Yield","0112","Maize (corn)","2009","2009","kg/ha","2004.8","A","Official figure",""
"QCL","Crops and livestock products","002","Africa","5412","Yield","0112","Maize (corn)","2010","2010","kg/ha","2023.3","A","Official figure",""
"QCL","Crops and livestock products","002","Africa","5412","Yield","0112","Maize (corn)","2011","2011","kg/ha","1873.5","A","Official figure",""
"QCL","Crops and livestock products","002","Africa","5412","Yield","0112","Maize (corn)","2012","2012","kg/ha","1987","A","Official figure",""
"QCL","Crops and livestock products","002","Africa","5412","Yield","0112","Maize (corn)","2013","2013","kg/ha","1901.3","A","Official figure",""
"QCL","Crops and livestock products","002","Africa","5412","Yield","0112","Maize (corn)","2014","2014","kg/ha","2086.5","A","Official figure",""
"QCL","Crops and livestock products","002","Africa","5412","Yield","0112","Maize (corn)","2015","2015","kg/ha","1953.4","A","Official figure",""
"QCL","Crops and livestock products","002","Africa","5412","Yield","0112","Maize (corn)","2016","2016","kg/ha","1884.8","A","Official figure",""
"QCL","Crops and livestock products","002","Africa","5412","Yield","0112","Maize (corn)","2017","2017","kg/ha","2153.3","A","Official figure",""
"QCL","Crops and livestock products","002","Africa","5412","Yield","0112","Maize (corn)","2018","2018","kg/ha","1983.9","A","Official figure",""
"QCL","Crops and livestock products","002","Africa","5412","Yield","0112","Maize (corn)","2019","2019","kg/ha","2018.2","A","Official figure",""
"QCL","Crops and livestock products","002","Africa","5412","Yield","0112","Maize (corn)","2020","2020","kg/ha","2166.9","A","Official figure",""
"QCL","Crops and livestock products","002","Africa","5412","Yield","0112","Maize (corn)","2021","2021","kg/ha","2219.2","A","Official figure",""
"QCL","Crops and livestock products","002","Africa","5412","Yield","0112","Maize (corn)","2022","2022","kg/ha","2188.5","E","Estimated value",""
"QCL","Crops and livestock products","002","Africa","5412","Yield","0112","Maize (corn)","2023","2023","kg/ha","2143.7","E","Estimated value",""
"QCL","Crops and livestock products","002","Africa","5412","Yield","0112","Maize (corn)","2024","2024","kg/ha","2069.7","E","Estimated value",""
"QCL","Crops and livestock products","002","Africa","5412","Yield","01323","Oranges","1961","1961","kg/ha","12213.7","E","Estimated value",""
"QCL","Crops and livestock products","002","Africa","5412","Yield","01323","Oranges","1962","1962","kg/ha","13360.8","E","Estimated value",""
"QCL","Crops and livestock products","002","Africa","5412","Yield","01323","Oranges","1963","1963","kg/ha","13158.2","E","Estimated value",""
"QCL","Crops and livestock products","002","Africa","5412","Yield","01323","Oranges","1964","1964","kg/ha","13657.7","E","Estimated value",""
"QCL","Crops and livestock products","002","Africa","5412","Yield","01323","Oranges","1965","1965","kg/ha","12623.3","E","Estimated value",""
"QCL","Crops and livestock products","002","Africa","5412","Yield","01323","Oranges","1966","1966","kg/ha","13630.1","E","Estimated value",""
"QCL","Crops and livestock products","002","Africa","5412","Yield","01323","Oranges","1967","1967","kg/ha","14147.1","E","Estimated value",""
"QCL","Crops and livestock products","002","Africa","5412","Yield","01323","Oranges","1968","1968","kg/ha","13865.4","E","Estimated value",""
"QCL","Crops and livestock products","002","Africa","5412","Yield","01323","Oranges","1969","1969","kg/ha","13786.7","E","Estimated value",""
"QCL","Crops and livestock products","002","Africa","5412","Yield","01323","Oranges","1970","1970","kg/ha","13641.4","E","Estimated value",""
"QCL","Crops and livestock products","002","Africa","5412","Yield","01323","Oranges","1971","1971","kg/ha","13329","E","Estimated value",""
"QCL","Crops and livestock products","002","Africa","5412","Yield","01323","Oranges","1972","1972","kg/ha","13962","E","Estimated value",""
"QCL","Crops and livestock products","002","Africa","5412","Yield","01323","Oranges","1973","1973","kg/ha","14555","E","Estimated value",""
"QCL","Crops and livestock products","002","Africa","5412","Yield","01323","Oranges","1974","1974","kg/ha","14149.9","E","Estimated value",""
"QCL","Crops and livestock products","002","Africa","5412","Yield","01323","Oranges","1975","1975","kg/ha","13376.6","E","Estimated value",""
"QCL","Crops and livestock products","002","Africa","5412","Yield","01323","Oranges","1976","1976","kg/ha","13094.7","E","Estimated value",""
"QCL","Crops and livestock products","002","Africa","5412","Yield","01323","Oranges","1977","1977","kg/ha","12476.3","E","Estimated value",""
"QCL","Crops and livestock products","002","Africa","5412","Yield","01323","Oranges","1978","1978","kg/ha","14600.6","E","Estimated value",""
"QCL","Crops and livestock products","002","Africa","5412","Yield","01323","Oranges","1979","1979","kg/ha","15214.6","E","Estimated value",""
"QCL","Crops and livestock products","002","Africa","5412","Yield","01323","Oranges","1980","1980","kg/ha","14288.8","E","Estimated value",""
"QCL","Crops and livestock products","002","Africa","5412","Yield","01323","Oranges","1981","1981","kg/ha","14290.5","E","Estimated value",""
"QCL","Crops and livestock products","002","Africa","5412","Yield","01323","Oranges","1982","1982","kg/ha","15336.5","E","Estimated value",""
"QCL","Crops and livestock products","002","Africa","5412","Yield","01323","Oranges","1983","1983","kg/ha","15939.9","E","Estimated value",""
"QCL","Crops and livestock products","002","Africa","5412","Yield","01323","Oranges","1984","1984","kg/ha","15697.1","E","Estimated value",""
"QCL","Crops and livestock products","002","Africa","5412","Yield","01323","Oranges","1985","1985","kg/ha","12130.3","E","Estimated value",""
"QCL","Crops and livestock products","002","Africa","5412","Yield","01323","Oranges","1986","1986","kg/ha","12168.8","E","Estimated value",""
"QCL","Crops and livestock products","002","Africa","5412","Yield","01323","Oranges","1987","1987","kg/ha","12263.5","E","Estimated value",""
"QCL","Crops and livestock products","002","Africa","5412","Yield","01323","Oranges","1988","1988","kg/ha","12482.9","E","Estimated value",""
"QCL","Crops and livestock products","002","Africa","5412","Yield","01323","Oranges","1989","1989","kg/ha","13356.4","E","Estimated value",""
"QCL","Crops and livestock products","002","Africa","5412","Yield","01323","Oranges","1990","1990","kg/ha","13211.6","E","Estimated value",""
"QCL","Crops and livestock products","002","Africa","5412","Yield","01323","Oranges","1991","1991","kg/ha","14287.5","E","Estimated value",""
"QCL","Crops and livestock products","002","Africa","5412","Yield","01323","Oranges","1992","1992","kg/ha","13467.8","E","Estimated value",""
"QCL","Crops and livestock products","002","Africa","5412","Yield","01323","Oranges","1993","1993","kg/ha","12282","E","Estimated value",""
"QCL","Crops and livestock products","002","Africa","5412","Yield","01323","Oranges","1994","1994","kg/ha","13502.4","E","Estimated value",""
"QCL","Crops and livestock products","002","Africa","5412","Yield","01323","Oranges","1995","1995","kg/ha","12798.6","E","Estimated value",""
"QCL","Crops and livestock products","002","Africa","5412","Yield","01323","Oranges","1996","1996","kg/ha","13977.3","E","Estimated value",""
"QCL","Crops and livestock products","002","Africa","5412","Yield","01323","Oranges","1997","1997","kg/ha","13286.1","E","Estimated value",""
"QCL","Crops and livestock products","002","Africa","5412","Yield","01323","Oranges","1998","1998","kg/ha","13744.2","E","Estimated value",""
"QCL","Crops and livestock products","002","Africa","5412","Yield","01323","Oranges","1999","1999","kg/ha","13876.5","E","Estimated value",""
"QCL","Crops and livestock products","002","Africa","5412","Yield","01323","Oranges","2000","2000","kg/ha","13664.7","E","Estimated value",""
"QCL","Crops and livestock products","002","Africa","5412","Yield","01323","Oranges","2001","2001","kg/ha","13735.9","E","Estimated value",""
"QCL","Crops and livestock products","002","Africa","5412","Yield","01323","Oranges","2002","2002","kg/ha","14825.6","E","Estimated value",""
"QCL","Crops and livestock products","002","Africa","5412","Yield","01323","Oranges","2003","2003","kg/ha","15463","E","Estimated value",""
"QCL","Crops and livestock products","002","Africa","5412","Yield","01323","Oranges","2004","2004","kg/ha","14850.2","E","Estimated value",""
"QCL","Crops and livestock products","002","Africa","5412","Yield","01323","Oranges","2005","2005","kg/ha","16819.6","E","Estimated value",""
"QCL","Crops and livestock products","002","Africa","5412","Yield","01323","Oranges","2006","2006","kg/ha","17439.7","E","Estimated value",""
"QCL","Crops and livestock products","002","Africa","5412","Yield","01323","Oranges","2007","2007","kg/ha","16836.8","E","Estimated value",""
"QCL","Crops and livestock products","002","Africa","5412","Yield","01323","Oranges","2008","2008","kg/ha","17222","E","Estimated value",""
"QCL","Crops and livestock products","002","Africa","5412","Yield","01323","Oranges","2009","2009","kg/ha","18057.2","E","Estimated value",""
"QCL","Crops and livestock products","002","Africa","5412","Yield","01323","Oranges","2010","2010","kg/ha","18075.8","E","Estimated value",""
"QCL","Crops and livestock products","002","Africa","5412","Yield","01323","Oranges","2011","2011","kg/ha","18613.4","E","Estimated value",""
"QCL","Crops and livestock products","002","Africa","5412","Yield","01323","Oranges","2012","2012","kg/ha","18998.1","E","Estimated value",""
"QCL","Crops and livestock products","002","Africa","5412","Yield","01323","Oranges","2013","2013","kg/ha","19039","A","Official figure",""
"QCL","Crops and livestock products","002","Africa","5412","Yield","01323","Oranges","2014","2014","kg/ha","20445.5","E","Estimated value",""
"QCL","Crops and livestock products","002","Africa","5412","Yield","01323","Oranges","2015","2015","kg/ha","20186.8","E","Estimated value",""
"QCL","Crops and livestock products","002","Africa","5412","Yield","01323","Oranges","2016","2016","kg/ha","19167.7","E","Estimated value",""
"QCL","Crops and livestock products","002","Africa","5412","Yield","01323","Oranges","2017","2017","kg/ha","19835.8","E","Estimated value",""
"QCL","Crops and livestock products","002","Africa","5412","Yield","01323","Oranges","2018","2018","kg/ha","20685.3","E","Estimated value",""
"QCL","Crops and livestock products","002","Africa","5412","Yield","01323","Oranges","2019","2019","kg/ha","21374.9","E","Estimated value",""
"QCL","Crops and livestock products","002","Africa","5412","Yield","01323","Oranges","2020","2020","kg/ha","19596.6","A","Official figure",""
"QCL","Crops and livestock products","002","Africa","5412","Yield","01323","Oranges","2021","2021","kg/ha","20038.6","E","Estimated value",""
"QCL","Crops and livestock products","002","Africa","5412","Yield","01323","Oranges","2022","2022","kg/ha","20374.9","E","Estimated value",""
"QCL","Crops and livestock products","002","Africa","5412","Yield","01323","Oranges","2023","2023","kg/ha","20296.3","E","Estimated value",""
"QCL","Crops and livestock products","002","Africa","5412","Yield","01323","Oranges","2024","2024","kg/ha","20842.5","E","Estimated value",""
"QCL","Crops and livestock products","002","Africa","5412","Yield","01510","Potatoes","1961","1961","kg/ha","8179.9","E","Estimated value",""
"QCL","Crops and livestock products","002","Africa","5412","Yield","01510","Potatoes","1962","1962","kg/ha","7720.5","E","Estimated value",""
"QCL","Crops and livestock products","002","Africa","5412","Yield","01510","Potatoes","1963","1963","kg/ha","7865.9","E","Estimated value",""
"QCL","Crops and livestock products","002","Africa","5412","Yield","01510","Potatoes","1964","1964","kg/ha","7902.8","E","Estimated value",""
"QCL","Crops and livestock products","002","Africa","5412","Yield","01510","Potatoes","1965","1965","kg/ha","8191.5","E","Estimated value",""
"QCL","Crops and livestock products","002","Africa","5412","Yield","01510","Potatoes","1966","1966","kg/ha","8349.4","E","Estimated value",""
"QCL","Crops and livestock products","002","Africa","5412","Yield","01510","Potatoes","1967","1967","kg/ha","8269.2","E","Estimated value",""
"QCL","Crops and livestock products","002","Africa","5412","Yield","01510","Potatoes","1968","1968","kg/ha","8580.6","E","Estimated value",""
"QCL","Crops and livestock products","002","Africa","5412","Yield","01510","Potatoes","1969","1969","kg/ha","8205.1","E","Estimated value",""
"QCL","Crops and livestock products","002","Africa","5412","Yield","01510","Potatoes","1970","1970","kg/ha","8758.2","E","Estimated value",""
"QCL","Crops and livestock products","002","Africa","5412","Yield","01510","Potatoes","1971","1971","kg/ha","8138.7","E","Estimated value",""
"QCL","Crops and livestock products","002","Africa","5412","Yield","01510","Potatoes","1972","1972","kg/ha","8900.3","E","Estimated value",""
"QCL","Crops and livestock products","002","Africa","5412","Yield","01510","Potatoes","1973","1973","kg/ha","8514.3","E","Estimated value",""
"QCL","Crops and livestock products","002","Africa","5412","Yield","01510","Potatoes","1974","1974","kg/ha","8456.7","E","Estimated value",""
"QCL","Crops and livestock products","002","Africa","5412","Yield","01510","Potatoes","1975","1975","kg/ha","8559.9","E","Estimated value",""
"QCL","Crops and livestock products","002","Africa","5412","Yield","01510","Potatoes","1976","1976","kg/ha","8334.5","E","Estimated value",""
"QCL","Crops and livestock products","002","Africa","5412","Yield","01510","Potatoes","1977","1977","kg/ha","8678.2","E","Estimated value",""
"QCL","Crops and livestock products","002","Africa","5412","Yield","01510","Potatoes","1978","1978","kg/ha","8499","E","Estimated value",""
"QCL","Crops and livestock products","002","Africa","5412","Yield","01510","Potatoes","1979","1979","kg/ha","8914.3","E","Estimated value",""
"QCL","Crops and livestock products","002","Africa","5412","Yield","01510","Potatoes","1980","1980","kg/ha","8984.4","E","Estimated value",""
"QCL","Crops and livestock products","002","Africa","5412","Yield","01510","Potatoes","1981","1981","kg/ha","8448.6","E","Estimated value",""
"QCL","Crops and livestock products","002","Africa","5412","Yield","01510","Potatoes","1982","1982","kg/ha","8349.3","E","Estimated value",""
"QCL","Crops and livestock products","002","Africa","5412","Yield","01510","Potatoes","1983","1983","kg/ha","8632.3","E","Estimated value",""
"QCL","Crops and livestock products","002","Africa","5412","Yield","01510","Potatoes","1984","1984","kg/ha","8827.7","E","Estimated value",""
"QCL","Crops and livestock products","002","Africa","5412","Yield","01510","Potatoes","1985","1985","kg/ha","9697.4","E","Estimated value",""
"QCL","Crops and livestock products","002","Africa","5412","Yield","01510","Potatoes","1986","1986","kg/ha","9772.3","E","Estimated value",""
"QCL","Crops and livestock products","002","Africa","5412","Yield","01510","Potatoes","1987","1987","kg/ha","10752.8","E","Estimated value",""
"QCL","Crops and livestock products","002","Africa","5412","Yield","01510","Potatoes","1988","1988","kg/ha","10667.4","E","Estimated value",""
"QCL","Crops and livestock products","002","Africa","5412","Yield","01510","Potatoes","1989","1989","kg/ha","10763","E","Estimated value",""
"QCL","Crops and livestock products","002","Africa","5412","Yield","01510","Potatoes","1990","1990","kg/ha","10775.3","E","Estimated value",""
"QCL","Crops and livestock products","002","Africa","5412","Yield","01510","Potatoes","1991","1991","kg/ha","10743.6","A","Official figure",""
"QCL","Crops and livestock products","002","Africa","5412","Yield","01510","Potatoes","1992","1992","kg/ha","10824.9","E","Estimated value",""
"QCL","Crops and livestock products","002","Africa","5412","Yield","01510","Potatoes","1993","1993","kg/ha","11347.6","E","Estimated value",""
"QCL","Crops and livestock products","002","Africa","5412","Yield","01510","Potatoes","1994","1994","kg/ha","11130.2","A","Official figure",""
"QCL","Crops and livestock products","002","Africa","5412","Yield","01510","Potatoes","1995","1995","kg/ha","12104.5","A","Official figure",""
"QCL","Crops and livestock products","002","Africa","5412","Yield","01510","Potatoes","1996","1996","kg/ha","12056.6","E","Estimated value",""
"QCL","Crops and livestock products","002","Africa","5412","Yield","01510","Potatoes","1997","1997","kg/ha","11601.8","A","Official figure",""
"QCL","Crops and livestock products","002","Africa","5412","Yield","01510","Potatoes","1998","1998","kg/ha","12365","A","Official figure",""
"QCL","Crops and livestock products","002","Africa","5412","Yield","01510","Potatoes","1999","1999","kg/ha","10853.9","A","Official figure",""
"QCL","Crops and livestock products","002","Africa","5412","Yield","01510","Potatoes","2000","2000","kg/ha","10532.8","A","Official figure",""
"QCL","Crops and livestock products","002","Africa","5412","Yield","01510","Potatoes","2001","2001","kg/ha","10955.3","A","Official figure",""
"QCL","Crops and livestock products","002","Africa","5412","Yield","01510","Potatoes","2002","2002","kg/ha","10822.3","A","Official figure",""
"QCL","Crops and livestock products","002","Africa","5412","Yield","01510","Potatoes","2003","2003","kg/ha","11102.1","A","Official figure",""
"QCL","Crops and livestock products","002","Africa","5412","Yield","01510","Potatoes","2004","2004","kg/ha","10741","A","Official figure",""
"QCL","Crops and livestock products","002","Africa","5412","Yield","01510","Potatoes","2005","2005","kg/ha","11272.1","A","Official figure",""
"QCL","Crops and livestock products","002","Africa","5412","Yield","01510","Potatoes","2006","2006","kg/ha","12058.4","A","Official figure",""
"QCL","Crops and livestock products","002","Africa","5412","Yield","01510","Potatoes","2007","2007","kg/ha","11775.5","A","Official figure",""
"QCL","Crops and livestock products","002","Africa","5412","Yield","01510","Potatoes","2008","2008","kg/ha","13458.1","A","Official figure",""
"QCL","Crops and livestock products","002","Africa","5412","Yield","01510","Potatoes","2009","2009","kg/ha","12928.8","A","Official figure",""
"QCL","Crops and livestock products","002","Africa","5412","Yield","01510","Potatoes","2010","2010","kg/ha","14044.4","E","Estimated value",""
"QCL","Crops and livestock products","002","Africa","5412","Yield","01510","Potatoes","2011","2011","kg/ha","14460","E","Estimated value",""
"QCL","Crops and livestock products","002","Africa","5412","Yield","01510","Potatoes","2012","2012","kg/ha","15197.4","A","Official figure",""
"QCL","Crops and livestock products","002","Africa","5412","Yield","01510","Potatoes","2013","2013","kg/ha","15059.8","A","Official figure",""
"QCL","Crops and livestock products","002","Africa","5412","Yield","01510","Potatoes","2014","2014","kg/ha","14284.6","A","Official figure",""
"QCL","Crops and livestock products","002","Africa","5412","Yield","01510","Potatoes","2015","2015","kg/ha","14527.8","A","Official figure",""
"QCL","Crops and livestock products","002","Africa","5412","Yield","01510","Potatoes","2016","2016","kg/ha","13699.3","E","Estimated value",""
"QCL","Crops and livestock products","002","Africa","5412","Yield","01510","Potatoes","2017","2017","kg/ha","13858.6","A","Official figure",""
"QCL","Crops and livestock products","002","Africa","5412","Yield","01510","Potatoes","2018","2018","kg/ha","14620.3","A","Official figure",""
"QCL","Crops and livestock products","002","Africa","5412","Yield","01510","Potatoes","2019","2019","kg/ha","14918.9","E","Estimated value",""
"QCL","Crops and livestock products","002","Africa","5412","Yield","01510","Potatoes","2020","2020","kg/ha","14960.5","E","Estimated value",""
"QCL","Crops and livestock products","002","Africa","5412","Yield","01510","Potatoes","2021","2021","kg/ha","14624.5","E","Estimated value",""
"QCL","Crops and livestock products","002","Africa","5412","Yield","01510","Potatoes","2022","2022","kg/ha","14896.6","E","Estimated value",""
"QCL","Crops and livestock products","002","Africa","5412","Yield","01510","Potatoes","2023","2023","kg/ha","15564.7","E","Estimated value",""
"QCL","Crops and livestock products","002","Africa","5412","Yield","01510","Potatoes","2024","2024","kg/ha","15434.4","E","Estimated value",""
"QCL","Crops and livestock products","002","Africa","5412","Yield","0113","Rice","1961","1961","kg/ha","1552","E","Estimated value",""
"QCL","Crops and livestock products","002","Africa","5412","Yield","0113","Rice","1962","1962","kg/ha","1800.8","E","Estimated value",""
"QCL","Crops and livestock products","002","Africa","5412","Yield","0113","Rice","1963","1963","kg/ha","1911.3","E","Estimated value",""
"QCL","Crops and livestock products","002","Africa","5412","Yield","0113","Rice","1964","1964","kg/ha","1830.6","A","Official figure",""
"QCL","Crops and livestock products","002","Africa","5412","Yield","0113","Rice","1965","1965","kg/ha","1746.8","E","Estimated value",""
"QCL","Crops and livestock products","002","Africa","5412","Yield","0113","Rice","1966","1966","kg/ha","1717.8","A","Official figure",""
"QCL","Crops and livestock products","002","Africa","5412","Yield","0113","Rice","1967","1967","kg/ha","1865.6","E","Estimated value",""
"QCL","Crops and livestock products","002","Africa","5412","Yield","0113","Rice","1968","1968","kg/ha","1901","A","Official figure",""
"QCL","Crops and livestock products","002","Africa","5412","Yield","0113","Rice","1969","1969","kg/ha","1957.1","A","Official figure",""
"QCL","Crops and livestock products","002","Africa","5412","Yield","0113","Rice","1970","1970","kg/ha","1922.1","A","Official figure",""
"QCL","Crops and livestock products","002","Africa","5412","Yield","0113","Rice","1971","1971","kg/ha","1883.5","A","Official figure",""
"QCL","Crops and livestock products","002","Africa","5412","Yield","0113","Rice","1972","1972","kg/ha","1897.4","A","Official figure",""
"QCL","Crops and livestock products","002","Africa","5412","Yield","0113","Rice","1973","1973","kg/ha","1849.1","A","Official figure",""
"QCL","Crops and livestock products","002","Africa","5412","Yield","0113","Rice","1974","1974","kg/ha","1893.7","A","Official figure",""
"QCL","Crops and livestock products","002","Africa","5412","Yield","0113","Rice","1975","1975","kg/ha","1896.1","A","Official figure",""
"QCL","Crops and livestock products","002","Africa","5412","Yield","0113","Rice","1976","1976","kg/ha","1822.4","A","Official figure",""
"QCL","Crops and livestock products","002","Africa","5412","Yield","0113","Rice","1977","1977","kg/ha","1780.4","A","Official figure",""
"QCL","Crops and livestock products","002","Africa","5412","Yield","0113","Rice","1978","1978","kg/ha","1810.3","E","Estimated value",""
"QCL","Crops and livestock products","002","Africa","5412","Yield","0113","Rice","1979","1979","kg/ha","1783.3","E","Estimated value",""
"QCL","Crops and livestock products","002","Africa","5412","Yield","0113","Rice","1980","1980","kg/ha","1829.1","E","Estimated value",""
"QCL","Crops and livestock products","002","Africa","5412","Yield","0113","Rice","1981","1981","kg/ha","1785","E","Estimated value",""
"QCL","Crops and livestock products","002","Africa","5412","Yield","0113","Rice","1982","1982","kg/ha","1813.1","A","Official figure",""
"QCL","Crops and livestock products","002","Africa","5412","Yield","0113","Rice","1983","1983","kg/ha","1881.2","A","Official figure",""
"QCL","Crops and livestock products","002","Africa","5412","Yield","0113","Rice","1984","1984","kg/ha","1874.2","A","Official figure",""
"QCL","Crops and livestock products","002","Africa","5412","Yield","0113","Rice","1985","1985","kg/ha","1939.4","A","Official figure",""
"QCL","Crops and livestock products","002","Africa","5412","Yield","0113","Rice","1986","1986","kg/ha","1956","A","Official figure",""
"QCL","Crops and livestock products","002","Africa","5412","Yield","0113","Rice","1987","1987","kg/ha","2011.2","A","Official figure",""
"QCL","Crops and livestock products","002","Africa","5412","Yield","0113","Rice","1988","1988","kg/ha","1913.3","A","Official figure",""
"QCL","Crops and livestock products","002","Africa","5412","Yield","0113","Rice","1989","1989","kg/ha","2012.4","A","Official figure",""
"QCL","Crops and livestock products","002","Africa","5412","Yield","0113","Rice","1990","1990","kg/ha","2104.1","A","Official figure",""
"QCL","Crops and livestock products","002","Africa","5412","Yield","0113","Rice","1991","1991","kg/ha","2081.7","A","Official figure",""
"QCL","Crops and livestock products","002","Africa","5412","Yield","0113","Rice","1992","1992","kg/ha","2094.6","A","Official figure",""
"QCL","Crops and livestock products","002","Africa","5412","Yield","0113","Rice","1993","1993","kg/ha","2191.6","A","Official figure",""
"QCL","Crops and livestock products","002","Africa","5412","Yield","0113","Rice","1994","1994","kg/ha","2053.1","A","Official figure",""
"QCL","Crops and livestock products","002","Africa","5412","Yield","0113","Rice","1995","1995","kg/ha","2130.9","A","Official figure",""
"QCL","Crops and livestock products","002","Africa","5412","Yield","0113","Rice","1996","1996","kg/ha","2258.5","A","Official figure",""
"QCL","Crops and livestock products","002","Africa","5412","Yield","0113","Rice","1997","1997","kg/ha","2203.8","A","Official figure",""
"QCL","Crops and livestock products","002","Africa","5412","Yield","0113","Rice","1998","1998","kg/ha","2097.5","A","Official figure",""
"QCL","Crops and livestock products","002","Africa","5412","Yield","0113","Rice","1999","1999","kg/ha","2322.8","A","Official figure",""
"QCL","Crops and livestock products","002","Africa","5412","Yield","0113","Rice","2000","2000","kg/ha","2313.3","A","Official figure",""
"QCL","Crops and livestock products","002","Africa","5412","Yield","0113","Rice","2001","2001","kg/ha","2207.7","A","Official figure",""
"QCL","Crops and livestock products","002","Africa","5412","Yield","0113","Rice","2002","2002","kg/ha","2194.2","A","Official figure",""
"QCL","Crops and livestock products","002","Africa","5412","Yield","0113","Rice","2003","2003","kg/ha","2267.7","A","Official figure",""
"QCL","Crops and livestock products","002","Africa","5412","Yield","0113","Rice","2004","2004","kg/ha","2271.5","A","Official figure",""
"QCL","Crops and livestock products","002","Africa","5412","Yield","0113","Rice","2005","2005","kg/ha","2274.2","A","Official figure",""
"QCL","Crops and livestock products","002","Africa","5412","Yield","0113","Rice","2006","2006","kg/ha","2355.6","A","Official figure",""
"QCL","Crops and livestock products","002","Africa","5412","Yield","0113","Rice","2007","2007","kg/ha","2406.1","A","Official figure",""
"QCL","Crops and livestock products","002","Africa","5412","Yield","0113","Rice","2008","2008","kg/ha","2586.7","A","Official figure",""
"QCL","Crops and livestock products","002","Africa","5412","Yield","0113","Rice","2009","2009","kg/ha","2588.9","A","Official figure",""
"QCL","Crops and livestock products","002","Africa","5412","Yield","0113","Rice","2010","2010","kg/ha","2294.5","A","Official figure",""
"QCL","Crops and livestock products","002","Africa","5412","Yield","0113","Rice","2011","2011","kg/ha","2418.5","A","Official figure",""
"QCL","Crops and livestock products","002","Africa","5412","Yield","0113","Rice","2012","2012","kg/ha","2402.8","A","Official figure",""
"QCL","Crops and livestock products","002","Africa","5412","Yield","0113","Rice","2013","2013","kg/ha","2367.4","A","Official figure",""
"QCL","Crops and livestock products","002","Africa","5412","Yield","0113","Rice","2014","2014","kg/ha","2364.9","E","Estimated value",""
"QCL","Crops and livestock products","002","Africa","5412","Yield","0113","Rice","2015","2015","kg/ha","2301.4","A","Official figure",""
"QCL","Crops and livestock products","002","Africa","5412","Yield","0113","Rice","2016","2016","kg/ha","2310.2","A","Official figure",""
"QCL","Crops and livestock products","002","Africa","5412","Yield","0113","Rice","2017","2017","kg/ha","2242.8","A","Official figure",""
"QCL","Crops and livestock products","002","Africa","5412","Yield","0113","Rice","2018","2018","kg/ha","2185.1","A","Official figure",""
"QCL","Crops and livestock products","002","Africa","5412","Yield","0113","Rice","2019","2019","kg/ha","2334.2","A","Official figure",""
"QCL","Crops and livestock products","002","Africa","5412","Yield","0113","Rice","2020","2020","kg/ha","2399.6","A","Official figure",""
"QCL","Crops and livestock products","002","Africa","5412","Yield","0113","Rice","2021","2021","kg/ha","2365.4","A","Official figure",""
"QCL","Crops and livestock products","002","Africa","5412","Yield","0113","Rice","2022","2022","kg/ha","2328.8","E","Estimated value",""
"QCL","Crops and livestock products","002","Africa","5412","Yield","0113","Rice","2023","2023","kg/ha","2352.1","E","Estimated value",""
"QCL","Crops and livestock products","002","Africa","5412","Yield","0113","Rice","2024","2024","kg/ha","2371.5","E","Estimated value",""
"QCL","Crops and livestock products","002","Africa","5412","Yield","0114","Sorghum","1961","1961","kg/ha","809.1","E","Estimated value",""
"QCL","Crops and livestock products","002","Africa","5412","Yield","0114","Sorghum","1962","1962","kg/ha","834.5","E","Estimated value",""
"QCL","Crops and livestock products","002","Africa","5412","Yield","0114","Sorghum","1963","1963","kg/ha","794","E","Estimated value",""
"QCL","Crops and livestock products","002","Africa","5412","Yield","0114","Sorghum","1964","1964","kg/ha","780.1","E","Estimated value",""
"QCL","Crops and livestock products","002","Africa","5412","Yield","0114","Sorghum","1965","1965","kg/ha","755.4","E","Estimated value",""
"QCL","Crops and livestock products","002","Africa","5412","Yield","0114","Sorghum","1966","1966","kg/ha","729.1","E","Estimated value",""
"QCL","Crops and livestock products","002","Africa","5412","Yield","0114","Sorghum","1967","1967","kg/ha","788.8","E","Estimated value",""
"QCL","Crops and livestock products","002","Africa","5412","Yield","0114","Sorghum","1968","1968","kg/ha","711.5","E","Estimated value",""
"QCL","Crops and livestock products","002","Africa","5412","Yield","0114","Sorghum","1969","1969","kg/ha","659.9","E","Estimated value",""
"QCL","Crops and livestock products","002","Africa","5412","Yield","0114","Sorghum","1970","1970","kg/ha","758.9","E","Estimated value",""
"QCL","Crops and livestock products","002","Africa","5412","Yield","0114","Sorghum","1971","1971","kg/ha","778.9","A","Official figure",""
"QCL","Crops and livestock products","002","Africa","5412","Yield","0114","Sorghum","1972","1972","kg/ha","740.8","E","Estimated value",""
"QCL","Crops and livestock products","002","Africa","5412","Yield","0114","Sorghum","1973","1973","kg/ha","707.8","E","Estimated value",""
"QCL","Crops and livestock products","002","Africa","5412","Yield","0114","Sorghum","1974","1974","kg/ha","892.6","E","Estimated value",""
"QCL","Crops and livestock products","002","Africa","5412","Yield","0114","Sorghum","1975","1975","kg/ha","858","E","Estimated value",""
"QCL","Crops and livestock products","002","Africa","5412","Yield","0114","Sorghum","1976","1976","kg/ha","757.2","E","Estimated value",""
"QCL","Crops and livestock products","002","Africa","5412","Yield","0114","Sorghum","1977","1977","kg/ha","803.3","E","Estimated value",""
"QCL","Crops and livestock products","002","Africa","5412","Yield","0114","Sorghum","1978","1978","kg/ha","797.9","A","Official figure",""
"QCL","Crops and livestock products","002","Africa","5412","Yield","0114","Sorghum","1979","1979","kg/ha","853.6","A","Official figure",""
"QCL","Crops and livestock products","002","Africa","5412","Yield","0114","Sorghum","1980","1980","kg/ha","920","E","Estimated value",""
"QCL","Crops and livestock products","002","Africa","5412","Yield","0114","Sorghum","1981","1981","kg/ha","974","A","Official figure",""
"QCL","Crops and livestock products","002","Africa","5412","Yield","0114","Sorghum","1982","1982","kg/ha","885","A","Official figure",""
"QCL","Crops and livestock products","002","Africa","5412","Yield","0114","Sorghum","1983","1983","kg/ha","864.1","A","Official figure",""
"QCL","Crops and livestock products","002","Africa","5412","Yield","0114","Sorghum","1984","1984","kg/ha","761","A","Official figure",""
"QCL","Crops and livestock products","002","Africa","5412","Yield","0114","Sorghum","1985","1985","kg/ha","822.4","A","Official figure",""
"QCL","Crops and livestock products","002","Africa","5412","Yield","0114","Sorghum","1986","1986","kg/ha","859","A","Official figure",""
"QCL","Crops and livestock products","002","Africa","5412","Yield","0114","Sorghum","1987","1987","kg/ha","807.1","A","Official figure",""
"QCL","Crops and livestock products","002","Africa","5412","Yield","0114","Sorghum","1988","1988","kg/ha","885.4","A","Official figure",""
"QCL","Crops and livestock products","002","Africa","5412","Yield","0114","Sorghum","1989","1989","kg/ha","769.5","A","Official figure",""
"QCL","Crops and livestock products","002","Africa","5412","Yield","0114","Sorghum","1990","1990","kg/ha","728","A","Official figure",""
"QCL","Crops and livestock products","002","Africa","5412","Yield","0114","Sorghum","1991","1991","kg/ha","807.7","A","Official figure",""
"QCL","Crops and livestock products","002","Africa","5412","Yield","0114","Sorghum","1992","1992","kg/ha","776.9","A","Official figure",""
"QCL","Crops and livestock products","002","Africa","5412","Yield","0114","Sorghum","1993","1993","kg/ha","808","A","Official figure",""
"QCL","Crops and livestock products","002","Africa","5412","Yield","0114","Sorghum","1994","1994","kg/ha","767.3","A","Official figure",""
"QCL","Crops and livestock products","002","Africa","5412","Yield","0114","Sorghum","1995","1995","kg/ha","832.2","A","Official figure",""
"QCL","Crops and livestock products","002","Africa","5412","Yield","0114","Sorghum","1996","1996","kg/ha","863.2","A","Official figure",""
"QCL","Crops and livestock products","002","Africa","5412","Yield","0114","Sorghum","1997","1997","kg/ha","792.9","A","Official figure",""
"QCL","Crops and livestock products","002","Africa","5412","Yield","0114","Sorghum","1998","1998","kg/ha","877.6","A","Official figure",""
"QCL","Crops and livestock products","002","Africa","5412","Yield","0114","Sorghum","1999","1999","kg/ha","862.2","A","Official figure",""
"QCL","Crops and livestock products","002","Africa","5412","Yield","0114","Sorghum","2000","2000","kg/ha","868.2","A","Official figure",""
"QCL","Crops and livestock products","002","Africa","5412","Yield","0114","Sorghum","2001","2001","kg/ha","880.6","A","Official figure",""
"QCL","Crops and livestock products","002","Africa","5412","Yield","0114","Sorghum","2002","2002","kg/ha","865.9","A","Official figure",""
"QCL","Crops and livestock products","002","Africa","5412","Yield","0114","Sorghum","2003","2003","kg/ha","915.8","E","Estimated value",""
"QCL","Crops and livestock products","002","Africa","5412","Yield","0114","Sorghum","2004","2004","kg/ha","959.8","A","Official figure",""
"QCL","Crops and livestock products","002","Africa","5412","Yield","0114","Sorghum","2005","2005","kg/ha","861.8","A","Official figure",""
"QCL","Crops and livestock products","002","Africa","5412","Yield","0114","Sorghum","2006","2006","kg/ha","970.1","A","Official figure",""
"QCL","Crops and livestock products","002","Africa","5412","Yield","0114","Sorghum","2007","2007","kg/ha","946.7","A","Official figure",""
"QCL","Crops and livestock products","002","Africa","5412","Yield","0114","Sorghum","2008","2008","kg/ha","930.3","A","Official figure",""
"QCL","Crops and livestock products","002","Africa","5412","Yield","0114","Sorghum","2009","2009","kg/ha","901.5","A","Official figure",""
"QCL","Crops and livestock products","002","Africa","5412","Yield","0114","Sorghum","2010","2010","kg/ha","959.2","A","Official figure",""
"QCL","Crops and livestock products","002","Africa","5412","Yield","0114","Sorghum","2011","2011","kg/ha","908.8","A","Official figure",""
"QCL","Crops and livestock products","002","Africa","5412","Yield","0114","Sorghum","2012","2012","kg/ha","982.2","A","Official figure",""
"QCL","Crops and livestock products","002","Africa","5412","Yield","0114","Sorghum","2013","2013","kg/ha","897.8","A","Official figure",""
"QCL","Crops and livestock products","002","Africa","5412","Yield","0114","Sorghum","2014","2014","kg/ha","1001.8","A","Official figure",""
"QCL","Crops and livestock products","002","Africa","5412","Yield","0114","Sorghum","2015","2015","kg/ha","999.2","A","Official figure",""
"QCL","Crops and livestock products","002","Africa","5412","Yield","0114","Sorghum","2016","2016","kg/ha","986.6","A","Official figure",""
"QCL","Crops and livestock products","002","Africa","5412","Yield","0114","Sorghum","2017","2017","kg/ha","987.9","A","Official figure",""
"QCL","Crops and livestock products","002","Africa","5412","Yield","0114","Sorghum","2018","2018","kg/ha","1017.6","A","Official figure",""
"QCL","Crops and livestock products","002","Africa","5412","Yield","0114","Sorghum","2019","2019","kg/ha","1008.6","E","Estimated value",""
"QCL","Crops and livestock products","002","Africa","5412","Yield","0114","Sorghum","2020","2020","kg/ha","1015.4","A","Official figure",""
"QCL","Crops and livestock products","002","Africa","5412","Yield","0114","Sorghum","2021","2021","kg/ha","922.9","E","Estimated value",""
"QCL","Crops and livestock products","002","Africa","5412","Yield","0114","Sorghum","2022","2022","kg/ha","1010","E","Estimated value",""
"QCL","Crops and livestock products","002","Africa","5412","Yield","0114","Sorghum","2023","2023","kg/ha","951","E","Estimated value",""
"QCL","Crops and livestock products","002","Africa","5412","Yield","0114","Sorghum","2024","2024","kg/ha","948.9","E","Estimated value",""
"QCL","Crops and livestock products","002","Africa","5412","Yield","01234","Tomatoes","1961","1961","kg/ha","12336.5","E","Estimated value",""
"QCL","Crops and livestock products","002","Africa","5412","Yield","01234","Tomatoes","1962","1962","kg/ha","12962.9","E","Estimated value",""
"QCL","Crops and livestock products","002","Africa","5412","Yield","01234","Tomatoes","1963","1963","kg/ha","12888.4","E","Estimated value",""
"QCL","Crops and livestock products","002","Africa","5412","Yield","01234","Tomatoes","1964","1964","kg/ha","13195.3","E","Estimated value",""
"QCL","Crops and livestock products","002","Africa","5412","Yield","01234","Tomatoes","1965","1965","kg/ha","13452.5","E","Estimated value",""
"QCL","Crops and livestock products","002","Africa","5412","Yield","01234","Tomatoes","1966","1966","kg/ha","13269.1","E","Estimated value",""
"QCL","Crops and livestock products","002","Africa","5412","Yield","01234","Tomatoes","1967","1967","kg/ha","12445","E","Estimated value",""
"QCL","Crops and livestock products","002","Africa","5412","Yield","01234","Tomatoes","1968","1968","kg/ha","12705.6","E","Estimated value",""
"QCL","Crops and livestock products","002","Africa","5412","Yield","01234","Tomatoes","1969","1969","kg/ha","13228.4","E","Estimated value",""
"QCL","Crops and livestock products","002","Africa","5412","Yield","01234","Tomatoes","1970","1970","kg/ha","12890.9","E","Estimated value",""
"QCL","Crops and livestock products","002","Africa","5412","Yield","01234","Tomatoes","1971","1971","kg/ha","12728.8","E","Estimated value",""
"QCL","Crops and livestock products","002","Africa","5412","Yield","01234","Tomatoes","1972","1972","kg/ha","12302.3","E","Estimated value",""
"QCL","Crops and livestock products","002","Africa","5412","Yield","01234","Tomatoes","1973","1973","kg/ha","11952.9","E","Estimated value",""
"QCL","Crops and livestock products","002","Africa","5412","Yield","01234","Tomatoes","1974","1974","kg/ha","12885.9","E","Estimated value",""
"QCL","Crops and livestock products","002","Africa","5412","Yield","01234","Tomatoes","1975","1975","kg/ha","14120.4","E","Estimated value",""
"QCL","Crops and livestock products","002","Africa","5412","Yield","01234","Tomatoes","1976","1976","kg/ha","13557.2","E","Estimated value",""
"QCL","Crops and livestock products","002","Africa","5412","Yield","01234","Tomatoes","1977","1977","kg/ha","13896.9","E","Estimated value",""
"QCL","Crops and livestock products","002","Africa","5412","Yield","01234","Tomatoes","1978","1978","kg/ha","13705.3","E","Estimated value",""
"QCL","Crops and livestock products","002","Africa","5412","Yield","01234","Tomatoes","1979","1979","kg/ha","13900.6","E","Estimated value",""
"QCL","Crops and livestock products","002","Africa","5412","Yield","01234","Tomatoes","1980","1980","kg/ha","14919.3","E","Estimated value",""
"QCL","Crops and livestock products","002","Africa","5412","Yield","01234","Tomatoes","1981","1981","kg/ha","14928.1","E","Estimated value",""
"QCL","Crops and livestock products","002","Africa","5412","Yield","01234","Tomatoes","1982","1982","kg/ha","15227.6","E","Estimated value",""
"QCL","Crops and livestock products","002","Africa","5412","Yield","01234","Tomatoes","1983","1983","kg/ha","15132.1","E","Estimated value",""
"QCL","Crops and livestock products","002","Africa","5412","Yield","01234","Tomatoes","1984","1984","kg/ha","15887.3","E","Estimated value",""
"QCL","Crops and livestock products","002","Africa","5412","Yield","01234","Tomatoes","1985","1985","kg/ha","17130.1","E","Estimated value",""
"QCL","Crops and livestock products","002","Africa","5412","Yield","01234","Tomatoes","1986","1986","kg/ha","18798.4","E","Estimated value",""
"QCL","Crops and livestock products","002","Africa","5412","Yield","01234","Tomatoes","1987","1987","kg/ha","19867","E","Estimated value",""
"QCL","Crops and livestock products","002","Africa","5412","Yield","01234","Tomatoes","1988","1988","kg/ha","17643.3","E","Estimated value",""
"QCL","Crops and livestock products","002","Africa","5412","Yield","01234","Tomatoes","1989","1989","kg/ha","17264.7","E","Estimated value",""
"QCL","Crops and livestock products","002","Africa","5412","Yield","01234","Tomatoes","1990","1990","kg/ha","18563.8","E","Estimated value",""
"QCL","Crops and livestock products","002","Africa","5412","Yield","01234","Tomatoes","1991","1991","kg/ha","18093.2","E","Estimated value",""
"QCL","Crops and livestock products","002","Africa","5412","Yield","01234","Tomatoes","1992","1992","kg/ha","19957.6","E","Estimated value",""
"QCL","Crops and livestock products","002","Africa","5412","Yield","01234","Tomatoes","1993","1993","kg/ha","19812.9","E","Estimated value",""
"QCL","Crops and livestock products","002","Africa","5412","Yield","01234","Tomatoes","1994","1994","kg/ha","19511.9","E","Estimated value",""
"QCL","Crops and livestock products","002","Africa","5412","Yield","01234","Tomatoes","1995","1995","kg/ha","20084.9","E","Estimated value",""
"QCL","Crops and livestock products","002","Africa","5412","Yield","01234","Tomatoes","1996","1996","kg/ha","20840.3","E","Estimated value",""
"QCL","Crops and livestock products","002","Africa","5412","Yield","01234","Tomatoes","1997","1997","kg/ha","19749.2","E","Estimated value",""
"QCL","Crops and livestock products","002","Africa","5412","Yield","01234","Tomatoes","1998","1998","kg/ha","19213.4","A","Official figure",""
"QCL","Crops and livestock products","002","Africa","5412","Yield","01234","Tomatoes","1999","1999","kg/ha","20102.5","A","Official figure",""
"QCL","Crops and livestock products","002","Africa","5412","Yield","01234","Tomatoes","2000","2000","kg/ha","18097.7","E","Estimated value",""
"QCL","Crops and livestock products","002","Africa","5412","Yield","01234","Tomatoes","2001","2001","kg/ha","17852.7","E","Estimated value",""
"QCL","Crops and livestock products","002","Africa","5412","Yield","01234","Tomatoes","2002","2002","kg/ha","17648.7","E","Estimated value",""
"QCL","Crops and livestock products","002","Africa","5412","Yield","01234","Tomatoes","2003","2003","kg/ha","18965.8","E","Estimated value",""
"QCL","Crops and livestock products","002","Africa","5412","Yield","01234","Tomatoes","2004","2004","kg/ha","19434.1","E","Estimated value",""
"QCL","Crops and livestock products","002","Africa","5412","Yield","01234","Tomatoes","2005","2005","kg/ha","19575","E","Estimated value",""
"QCL","Crops and livestock products","002","Africa","5412","Yield","01234","Tomatoes","2006","2006","kg/ha","20579.3","E","Estimated value",""
"QCL","Crops and livestock products","002","Africa","5412","Yield","01234","Tomatoes","2007","2007","kg/ha","20287.3","E","Estimated value",""
"QCL","Crops and livestock products","002","Africa","5412","Yield","01234","Tomatoes","2008","2008","kg/ha","19972.2","A","Official figure",""
"QCL","Crops and livestock products","002","Africa","5412","Yield","01234","Tomatoes","2009","2009","kg/ha","19472.9","E","Estimated value",""
"QCL","Crops and livestock products","002","Africa","5412","Yield","01234","Tomatoes","2010","2010","kg/ha","18251","A","Official figure",""
"QCL","Crops and livestock products","002","Africa","5412","Yield","01234","Tomatoes","2011","2011","kg/ha","18665.4","A","Official figure",""
"QCL","Crops and livestock products","002","Africa","5412","Yield","01234","Tomatoes","2012","2012","kg/ha","16685","A","Official figure",""
"QCL","Crops and livestock products","002","Africa","5412","Yield","01234","Tomatoes","2013","2013","kg/ha","15785.3","A","Official figure",""
"QCL","Crops and livestock products","002","Africa","5412","Yield","01234","Tomatoes","2014","2014","kg/ha","17363.7","A","Official figure",""
"QCL","Crops and livestock products","002","Africa","5412","Yield","01234","Tomatoes","2015","2015","kg/ha","17310.8","A","Official figure",""
"QCL","Crops and livestock products","002","Africa","5412","Yield","01234","Tomatoes","2016","2016","kg/ha","15344.2","A","Official figure",""
"QCL","Crops and livestock products","002","Africa","5412","Yield","01234","Tomatoes","2017","2017","kg/ha","14531.5","A","Official figure",""
"QCL","Crops and livestock products","002","Africa","5412","Yield","01234","Tomatoes","2018","2018","kg/ha","13648.6","E","Estimated value",""
"QCL","Crops and livestock products","002","Africa","5412","Yield","01234","Tomatoes","2019","2019","kg/ha","13545.6","E","Estimated value",""
"QCL","Crops and livestock products","002","Africa","5412","Yield","01234","Tomatoes","2020","2020","kg/ha","13844.7","E","Estimated value",""
"QCL","Crops and livestock products","002","Africa","5412","Yield","01234","Tomatoes","2021","2021","kg/ha","13990.3","E","Estimated value",""
"QCL","Crops and livestock products","002","Africa","5412","Yield","01234","Tomatoes","2022","2022","kg/ha","13252","E","Estimated value",""
"QCL","Crops and livestock products","002","Africa","5412","Yield","01234","Tomatoes","2023","2023","kg/ha","15208.5","E","Estimated value",""
"QCL","Crops and livestock products","002","Africa","5412","Yield","01234","Tomatoes","2024","2024","kg/ha","15779.4","E","Estimated value",""
"QCL","Crops and livestock products","002","Africa","5412","Yield","01658","Vanilla, raw","1961","1961","kg/ha","129.6","E","Estimated value",""
"QCL","Crops and livestock products","002","Africa","5412","Yield","01658","Vanilla, raw","1962","1962","kg/ha","102.5","E","Estimated value",""
"QCL","Crops and livestock products","002","Africa","5412","Yield","01658","Vanilla, raw","1963","1963","kg/ha","171.7","E","Estimated value",""
"QCL","Crops and livestock products","002","Africa","5412","Yield","01658","Vanilla, raw","1964","1964","kg/ha","184.3","E","Estimated value",""
"QCL","Crops and livestock products","002","Africa","5412","Yield","01658","Vanilla, raw","1965","1965","kg/ha","178.9","E","Estimated value",""
"QCL","Crops and livestock products","002","Africa","5412","Yield","01658","Vanilla, raw","1966","1966","kg/ha","218.7","E","Estimated value",""
"QCL","Crops and livestock products","002","Africa","5412","Yield","01658","Vanilla, raw","1967","1967","kg/ha","220.4","E","Estimated value",""
"QCL","Crops and livestock products","002","Africa","5412","Yield","01658","Vanilla, raw","1968","1968","kg/ha","167","E","Estimated value",""
"QCL","Crops and livestock products","002","Africa","5412","Yield","01658","Vanilla, raw","1969","1969","kg/ha","223.4","E","Estimated value",""
"QCL","Crops and livestock products","002","Africa","5412","Yield","01658","Vanilla, raw","1970","1970","kg/ha","191.6","E","Estimated value",""
"QCL","Crops and livestock products","002","Africa","5412","Yield","01658","Vanilla, raw","1971","1971","kg/ha","266.7","E","Estimated value",""
"QCL","Crops and livestock products","002","Africa","5412","Yield","01658","Vanilla, raw","1972","1972","kg/ha","184.4","E","Estimated value",""
"QCL","Crops and livestock products","002","Africa","5412","Yield","01658","Vanilla, raw","1973","1973","kg/ha","148.9","E","Estimated value",""
"QCL","Crops and livestock products","002","Africa","5412","Yield","01658","Vanilla, raw","1974","1974","kg/ha","218.8","E","Estimated value",""
"QCL","Crops and livestock products","002","Africa","5412","Yield","01658","Vanilla, raw","1975","1975","kg/ha","237.2","E","Estimated value",""
"QCL","Crops and livestock products","002","Africa","5412","Yield","01658","Vanilla, raw","1976","1976","kg/ha","112.8","E","Estimated value",""
"QCL","Crops and livestock products","002","Africa","5412","Yield","01658","Vanilla, raw","1977","1977","kg/ha","158.7","E","Estimated value",""
"QCL","Crops and livestock products","002","Africa","5412","Yield","01658","Vanilla, raw","1978","1978","kg/ha","156.3","E","Estimated value",""
"QCL","Crops and livestock products","002","Africa","5412","Yield","01658","Vanilla, raw","1979","1979","kg/ha","98.2","E","Estimated value",""
"QCL","Crops and livestock products","002","Africa","5412","Yield","01658","Vanilla, raw","1980","1980","kg/ha","44.6","E","Estimated value",""
"QCL","Crops and livestock products","002","Africa","5412","Yield","01658","Vanilla, raw","1981","1981","kg/ha","63.6","E","Estimated value",""
"QCL","Crops and livestock products","002","Africa","5412","Yield","01658","Vanilla, raw","1982","1982","kg/ha","81.8","E","Estimated value",""
"QCL","Crops and livestock products","002","Africa","5412","Yield","01658","Vanilla, raw","1983","1983","kg/ha","74.9","E","Estimated value",""
"QCL","Crops and livestock products","002","Africa","5412","Yield","01658","Vanilla, raw","1984","1984","kg/ha","93.2","E","Estimated value",""
"QCL","Crops and livestock products","002","Africa","5412","Yield","01658","Vanilla, raw","1985","1985","kg/ha","59.2","E","Estimated value",""
"QCL","Crops and livestock products","002","Africa","5412","Yield","01658","Vanilla, raw","1986","1986","kg/ha","32.4","E","Estimated value",""
"QCL","Crops and livestock products","002","Africa","5412","Yield","01658","Vanilla, raw","1987","1987","kg/ha","63.4","E","Estimated value",""
"QCL","Crops and livestock products","002","Africa","5412","Yield","01658","Vanilla, raw","1988","1988","kg/ha","64.1","E","Estimated value",""
"QCL","Crops and livestock products","002","Africa","5412","Yield","01658","Vanilla, raw","1989","1989","kg/ha","59.2","E","Estimated value",""
"QCL","Crops and livestock products","002","Africa","5412","Yield","01658","Vanilla, raw","1990","1990","kg/ha","40.2","E","Estimated value",""
"QCL","Crops and livestock products","002","Africa","5412","Yield","01658","Vanilla, raw","1991","1991","kg/ha","48.2","A","Official figure",""
"QCL","Crops and livestock products","002","Africa","5412","Yield","01658","Vanilla, raw","1992","1992","kg/ha","35.2","A","Official figure",""
"QCL","Crops and livestock products","002","Africa","5412","Yield","01658","Vanilla, raw","1993","1993","kg/ha","55.2","A","Official figure",""
"QCL","Crops and livestock products","002","Africa","5412","Yield","01658","Vanilla, raw","1994","1994","kg/ha","41.5","A","Official figure",""
"QCL","Crops and livestock products","002","Africa","5412","Yield","01658","Vanilla, raw","1995","1995","kg/ha","41.6","A","Official figure",""
"QCL","Crops and livestock products","002","Africa","5412","Yield","01658","Vanilla, raw","1996","1996","kg/ha","41.3","A","Official figure",""
"QCL","Crops and livestock products","002","Africa","5412","Yield","01658","Vanilla, raw","1997","1997","kg/ha","41.9","A","Official figure",""
"QCL","Crops and livestock products","002","Africa","5412","Yield","01658","Vanilla, raw","1998","1998","kg/ha","48.2","A","Official figure",""
"QCL","Crops and livestock products","002","Africa","5412","Yield","01658","Vanilla, raw","1999","1999","kg/ha","50.4","A","Official figure",""
"QCL","Crops and livestock products","002","Africa","5412","Yield","01658","Vanilla, raw","2000","2000","kg/ha","41.9","A","Official figure",""
"QCL","Crops and livestock products","002","Africa","5412","Yield","01658","Vanilla, raw","2001","2001","kg/ha","43.8","A","Official figure",""
"QCL","Crops and livestock products","002","Africa","5412","Yield","01658","Vanilla, raw","2002","2002","kg/ha","42.7","A","Official figure",""
"QCL","Crops and livestock products","002","Africa","5412","Yield","01658","Vanilla, raw","2003","2003","kg/ha","29.6","A","Official figure",""
"QCL","Crops and livestock products","002","Africa","5412","Yield","01658","Vanilla, raw","2004","2004","kg/ha","41.7","A","Official figure",""
"QCL","Crops and livestock products","002","Africa","5412","Yield","01658","Vanilla, raw","2005","2005","kg/ha","46.1","A","Official figure",""
"QCL","Crops and livestock products","002","Africa","5412","Yield","01658","Vanilla, raw","2006","2006","kg/ha","45.2","A","Official figure",""
"QCL","Crops and livestock products","002","Africa","5412","Yield","01658","Vanilla, raw","2007","2007","kg/ha","47.5","E","Estimated value",""
"QCL","Crops and livestock products","002","Africa","5412","Yield","01658","Vanilla, raw","2008","2008","kg/ha","43.6","E","Estimated value",""
"QCL","Crops and livestock products","002","Africa","5412","Yield","01658","Vanilla, raw","2009","2009","kg/ha","43.7","E","Estimated value",""
"QCL","Crops and livestock products","002","Africa","5412","Yield","01658","Vanilla, raw","2010","2010","kg/ha","45.2","E","Estimated value",""
"QCL","Crops and livestock products","002","Africa","5412","Yield","01658","Vanilla, raw","2011","2011","kg/ha","44.9","E","Estimated value",""
"QCL","Crops and livestock products","002","Africa","5412","Yield","01658","Vanilla, raw","2012","2012","kg/ha","45.2","E","Estimated value",""
"QCL","Crops and livestock products","002","Africa","5412","Yield","01658","Vanilla, raw","2013","2013","kg/ha","45.8","E","Estimated value",""
"QCL","Crops and livestock products","002","Africa","5412","Yield","01658","Vanilla, raw","2014","2014","kg/ha","46.4","E","Estimated value",""
"QCL","Crops and livestock products","002","Africa","5412","Yield","01658","Vanilla, raw","2015","2015","kg/ha","47.2","E","Estimated value",""
"QCL","Crops and livestock products","002","Africa","5412","Yield","01658","Vanilla, raw","2016","2016","kg/ha","47","E","Estimated value",""
"QCL","Crops and livestock products","002","Africa","5412","Yield","01658","Vanilla, raw","2017","2017","kg/ha","46.7","E","Estimated value",""
"QCL","Crops and livestock products","002","Africa","5412","Yield","01658","Vanilla, raw","2018","2018","kg/ha","46.9","E","Estimated value",""
"QCL","Crops and livestock products","002","Africa","5412","Yield","01658","Vanilla, raw","2019","2019","kg/ha","47.1","E","Estimated value",""
"QCL","Crops and livestock products","002","Africa","5412","Yield","01658","Vanilla, raw","2020","2020","kg/ha","46.7","E","Estimated value",""
"QCL","Crops and livestock products","002","Africa","5412","Yield","01658","Vanilla, raw","2021","2021","kg/ha","46.8","E","Estimated value",""
"QCL","Crops and livestock products","002","Africa","5412","Yield","01658","Vanilla, raw","2022","2022","kg/ha","46.8","E","Estimated value",""
"QCL","Crops and livestock products","002","Africa","5412","Yield","01658","Vanilla, raw","2023","2023","kg/ha","46.5","E","Estimated value",""
"QCL","Crops and livestock products","002","Africa","5412","Yield","01658","Vanilla, raw","2024","2024","kg/ha","46.4","E","Estimated value",""
"QCL","Crops and livestock products","002","Africa","5412","Yield","0111","Wheat","1961","1961","kg/ha","693","A","Official figure",""
"QCL","Crops and livestock products","002","Africa","5412","Yield","0111","Wheat","1962","1962","kg/ha","923.6","E","Estimated value",""
"QCL","Crops and livestock products","002","Africa","5412","Yield","0111","Wheat","1963","1963","kg/ha","899","E","Estimated value",""
"QCL","Crops and livestock products","002","Africa","5412","Yield","0111","Wheat","1964","1964","kg/ha","873.6","A","Official figure",""
"QCL","Crops and livestock products","002","Africa","5412","Yield","0111","Wheat","1965","1965","kg/ha","828.7","A","Official figure",""
"QCL","Crops and livestock products","002","Africa","5412","Yield","0111","Wheat","1966","1966","kg/ha","760.4","A","Official figure",""
"QCL","Crops and livestock products","002","Africa","5412","Yield","0111","Wheat","1967","1967","kg/ha","842.3","E","Estimated value",""
"QCL","Crops and livestock products","002","Africa","5412","Yield","0111","Wheat","1968","1968","kg/ha","992.2","E","Estimated value",""
"QCL","Crops and livestock products","002","Africa","5412","Yield","0111","Wheat","1969","1969","kg/ha","810.3","E","Estimated value",""
"QCL","Crops and livestock products","002","Africa","5412","Yield","0111","Wheat","1970","1970","kg/ha","870.3","E","Estimated value",""
"QCL","Crops and livestock products","002","Africa","5412","Yield","0111","Wheat","1971","1971","kg/ha","982.8","A","Official figure",""
"QCL","Crops and livestock products","002","Africa","5412","Yield","0111","Wheat","1972","1972","kg/ha","991.8","A","Official figure",""
"QCL","Crops and livestock products","002","Africa","5412","Yield","0111","Wheat","1973","1973","kg/ha","940.2","E","Estimated value",""
"QCL","Crops and livestock products","002","Africa","5412","Yield","0111","Wheat","1974","1974","kg/ha","971.1","E","Estimated value",""
"QCL","Crops and livestock products","002","Africa","5412","Yield","0111","Wheat","1975","1975","kg/ha","1100.4","E","Estimated value",""
"QCL","Crops and livestock products","002","Africa","5412","Yield","0111","Wheat","1976","1976","kg/ha","1117.7","A","Official figure",""
"QCL","Crops and livestock products","002","Africa","5412","Yield","0111","Wheat","1977","1977","kg/ha","926.9","E","Estimated value",""
"QCL","Crops and livestock products","002","Africa","5412","Yield","0111","Wheat","1978","1978","kg/ha","1045.9","E","Estimated value",""
"QCL","Crops and livestock products","002","Africa","5412","Yield","0111","Wheat","1979","1979","kg/ha","1045.8","E","Estimated value",""
"QCL","Crops and livestock products","002","Africa","5412","Yield","0111","Wheat","1980","1980","kg/ha","1098.8","E","Estimated value",""
"QCL","Crops and livestock products","002","Africa","5412","Yield","0111","Wheat","1981","1981","kg/ha","1134","E","Estimated value",""
"QCL","Crops and livestock products","002","Africa","5412","Yield","0111","Wheat","1982","1982","kg/ha","1275","E","Estimated value",""
"QCL","Crops and livestock products","002","Africa","5412","Yield","0111","Wheat","1983","1983","kg/ha","1123.1","E","Estimated value",""
"QCL","Crops and livestock products","002","Africa","5412","Yield","0111","Wheat","1984","1984","kg/ha","1143.8","E","Estimated value",""
"QCL","Crops and livestock products","002","Africa","5412","Yield","0111","Wheat","1985","1985","kg/ha","1247.6","A","Official figure",""
"QCL","Crops and livestock products","002","Africa","5412","Yield","0111","Wheat","1986","1986","kg/ha","1442.8","A","Official figure",""
"QCL","Crops and livestock products","002","Africa","5412","Yield","0111","Wheat","1987","1987","kg/ha","1501.3","A","Official figure",""
"QCL","Crops and livestock products","002","Africa","5412","Yield","0111","Wheat","1988","1988","kg/ha","1749.7","A","Official figure",""
"QCL","Crops and livestock products","002","Africa","5412","Yield","0111","Wheat","1989","1989","kg/ha","1481.1","A","Official figure",""
"QCL","Crops and livestock products","002","Africa","5412","Yield","0111","Wheat","1990","1990","kg/ha","1598.1","A","Official figure",""
"QCL","Crops and livestock products","002","Africa","5412","Yield","0111","Wheat","1991","1991","kg/ha","1894.2","A","Official figure",""
"QCL","Crops and livestock products","002","Africa","5412","Yield","0111","Wheat","1992","1992","kg/ha","1649.5","A","Official figure",""
"QCL","Crops and livestock products","002","Africa","5412","Yield","0111","Wheat","1993","1993","kg/ha","1627.6","A","Official figure",""
"QCL","Crops and livestock products","002","Africa","5412","Yield","0111","Wheat","1994","1994","kg/ha","1915.1","A","Official figure",""
"QCL","Crops and livestock products","002","Africa","5412","Yield","0111","Wheat","1995","1995","kg/ha","1621.2","A","Official figure",""
"QCL","Crops and livestock products","002","Africa","5412","Yield","0111","Wheat","1996","1996","kg/ha","2028.4","A","Official figure",""
"QCL","Crops and livestock products","002","Africa","5412","Yield","0111","Wheat","1997","1997","kg/ha","1797.6","A","Official figure",""
"QCL","Crops and livestock products","002","Africa","5412","Yield","0111","Wheat","1998","1998","kg/ha","1864.2","A","Official figure",""
"QCL","Crops and livestock products","002","Africa","5412","Yield","0111","Wheat","1999","1999","kg/ha","1809.9","A","Official figure",""
"QCL","Crops and livestock products","002","Africa","5412","Yield","0111","Wheat","2000","2000","kg/ha","1752","A","Official figure",""
"QCL","Crops and livestock products","002","Africa","5412","Yield","0111","Wheat","2001","2001","kg/ha","2024.5","A","Official figure",""
"QCL","Crops and livestock products","002","Africa","5412","Yield","0111","Wheat","2002","2002","kg/ha","2128.3","A","Official figure",""
"QCL","Crops and livestock products","002","Africa","5412","Yield","0111","Wheat","2003","2003","kg/ha","2213.1","A","Official figure",""
"QCL","Crops and livestock products","002","Africa","5412","Yield","0111","Wheat","2004","2004","kg/ha","2213.7","A","Official figure",""
"QCL","Crops and livestock products","002","Africa","5412","Yield","0111","Wheat","2005","2005","kg/ha","2135.3","A","Official figure",""
"QCL","Crops and livestock products","002","Africa","5412","Yield","0111","Wheat","2006","2006","kg/ha","2458.3","A","Official figure",""
"QCL","Crops and livestock products","002","Africa","5412","Yield","0111","Wheat","2007","2007","kg/ha","2040.9","A","Official figure",""
"QCL","Crops and livestock products","002","Africa","5412","Yield","0111","Wheat","2008","2008","kg/ha","2284.7","A","Official figure",""
"QCL","Crops and livestock products","002","Africa","5412","Yield","0111","Wheat","2009","2009","kg/ha","2522.8","A","Official figure",""
"QCL","Crops and livestock products","002","Africa","5412","Yield","0111","Wheat","2010","2010","kg/ha","2284.2","A","Official figure",""
"QCL","Crops and livestock products","002","Africa","5412","Yield","0111","Wheat","2011","2011","kg/ha","2533.7","A","Official figure",""
"QCL","Crops and livestock products","002","Africa","5412","Yield","0111","Wheat","2012","2012","kg/ha","2393","A","Official figure",""
"QCL","Crops and livestock products","002","Africa","5412","Yield","0111","Wheat","2013","2013","kg/ha","2791.9","A","Official figure",""
"QCL","Crops and livestock products","002","Africa","5412","Yield","0111","Wheat","2014","2014","kg/ha","2569.9","E","Estimated value",""
"QCL","Crops and livestock products","002","Africa","5412","Yield","0111","Wheat","2015","2015","kg/ha","2845.6","A","Official figure",""
"QCL","Crops and livestock products","002","Africa","5412","Yield","0111","Wheat","2016","2016","kg/ha","2416.8","A","Official figure",""
"QCL","Crops and livestock products","002","Africa","5412","Yield","0111","Wheat","2017","2017","kg/ha","2553.9","A","Official figure",""
"QCL","Crops and livestock products","002","Africa","5412","Yield","0111","Wheat","2018","2018","kg/ha","2917.4","A","Official figure",""
"QCL","Crops and livestock products","002","Africa","5412","Yield","0111","Wheat","2019","2019","kg/ha","2724.9","A","Official figure",""
"QCL","Crops and livestock products","002","Africa","5412","Yield","0111","Wheat","2020","2020","kg/ha","2531.3","A","Official figure",""
"QCL","Crops and livestock products","002","Africa","5412","Yield","0111","Wheat","2021","2021","kg/ha","3183.7","A","Official figure",""
"QCL","Crops and livestock products","002","Africa","5412","Yield","0111","Wheat","2022","2022","kg/ha","2743.5","A","Official figure",""
"QCL","Crops and livestock products","002","Africa","5412","Yield","0111","Wheat","2023","2023","kg/ha","2789","E","Estimated value",""
"QCL","Crops and livestock products","002","Africa","5412","Yield","0111","Wheat","2024","2024","kg/ha","2936.7","E","Estimated value",""
